,time_since_ri,wind_speed
0,-3 days +06:00:00,10.769817352294922
1,-1 days +06:00:00,10.664522171020508
2,-1 days +18:00:00,15.395299911499023
3,0 days 00:00:00,18.071552276611328
4,0 days 06:00:00,22.389503479003906
5,0 days 18:00:00,7.187965393066406
6,-1 days +12:00:00,14.458392143249512
7,-1 days +18:00:00,
8,0 days 00:00:00,12.769567489624023
9,0 days 12:00:00,15.510148048400879
10,0 days 18:00:00,27.212356567382812
11,1 days 00:00:00,15.861780166625977
12,-1 days +00:00:00,12.075764656066895
13,-1 days +06:00:00,11.632692337036133
14,-1 days +12:00:00,11.268510818481445
15,0 days 00:00:00,11.573707580566406
16,0 days 06:00:00,20.694091796875
17,0 days 12:00:00,13.198512077331543
18,1 days 00:00:00,
19,-1 days +06:00:00,11.268510818481445
20,-1 days +18:00:00,11.573707580566406
21,0 days 00:00:00,20.694091796875
22,0 days 06:00:00,13.198512077331543
23,0 days 18:00:00,
24,1 days 00:00:00,
25,1 days 18:00:00,13.658586502075195
26,2 days 00:00:00,26.843996047973633
27,2 days 18:00:00,12.880537986755371
28,-2 days +21:00:00,
29,-1 days +03:00:00,
30,-1 days +09:00:00,13.796085357666016
31,-1 days +21:00:00,
32,0 days 03:00:00,15.354448318481445
33,0 days 09:00:00,15.715478897094727
34,0 days 21:00:00,40.79509735107422
35,-1 days +12:00:00,7.810065746307373
36,-1 days +18:00:00,12.338582992553711
37,0 days 00:00:00,3.848478317260742
38,0 days 12:00:00,13.42747688293457
39,0 days 18:00:00,
40,-1 days +12:00:00,
41,0 days 00:00:00,10.089329719543457
42,0 days 06:00:00,12.143943786621094
43,0 days 12:00:00,
44,1 days 00:00:00,3.1143763065338135
45,1 days 06:00:00,
46,-1 days +09:00:00,
47,-1 days +21:00:00,10.089329719543457
48,0 days 03:00:00,12.143943786621094
49,0 days 09:00:00,
50,0 days 21:00:00,3.1143763065338135
51,1 days 03:00:00,
52,-1 days +12:00:00,11.682271003723145
53,0 days 00:00:00,14.472063064575195
54,0 days 12:00:00,12.859811782836914
55,1 days 00:00:00,12.733513832092285
56,5 days 12:00:00,17.714366912841797
57,5 days 18:00:00,
58,-1 days +00:00:00,18.585294723510742
59,-1 days +06:00:00,14.508721351623535
60,-1 days +12:00:00,
61,0 days 00:00:00,24.79644775390625
62,0 days 06:00:00,35.323909759521484
63,0 days 12:00:00,
64,1 days 00:00:00,44.7338981628418
65,1 days 06:00:00,16.783418655395508
66,-1 days +06:00:00,21.206748962402344
67,-1 days +12:00:00,10.513787269592285
68,0 days 00:00:00,11.903748512268066
69,0 days 06:00:00,8.824102401733398
70,0 days 12:00:00,19.335718154907227
71,1 days 00:00:00,
72,1 days 06:00:00,16.988832473754883
73,-1 days +18:00:00,19.57443618774414
74,0 days 00:00:00,12.383768081665039
75,0 days 12:00:00,34.88576889038086
76,0 days 18:00:00,16.163143157958984
77,1 days 00:00:00,15.576250076293945
78,-1 days +06:00:00,11.084562301635742
79,-1 days +12:00:00,8.652200698852539
80,0 days 00:00:00,12.31424617767334
81,0 days 06:00:00,12.499507904052734
82,1 days 00:00:00,13.42774486541748
83,-1 days +12:00:00,20.0343074798584
84,0 days 00:00:00,19.624799728393555
85,0 days 06:00:00,7.248471736907959
86,0 days 12:00:00,
87,1 days 00:00:00,23.891788482666016
88,-1 days +18:00:00,23.891788482666016
89,0 days 00:00:00,14.550222396850586
90,0 days 06:00:00,14.395156860351562
91,0 days 18:00:00,
92,1 days 00:00:00,51.26100540161133
93,-1 days +18:00:00,16.25238800048828
94,0 days 00:00:00,19.427722930908203
95,0 days 06:00:00,14.937885284423828
96,0 days 18:00:00,9.81918716430664
97,1 days 00:00:00,
98,1 days 06:00:00,13.906556129455566
99,-1 days +06:00:00,12.478769302368164
100,-1 days +12:00:00,14.104948997497559
101,0 days 00:00:00,26.05648422241211
102,0 days 06:00:00,49.23629379272461
103,0 days 12:00:00,
104,1 days 00:00:00,11.375436782836914
105,-3 days +12:00:00,10.769817352294922
106,-2 days +00:00:00,5.337610721588135
107,-2 days +06:00:00,11.781861305236816
108,-2 days +12:00:00,7.433310508728027
109,-1 days +00:00:00,4.95517110824585
110,-1 days +06:00:00,17.06857681274414
111,-1 days +12:00:00,10.664522171020508
112,0 days 00:00:00,15.395299911499023
113,0 days 06:00:00,18.071552276611328
114,0 days 12:00:00,22.389503479003906
115,1 days 00:00:00,7.187965393066406
116,-3 days +06:00:00,10.769817352294922
117,-1 days +06:00:00,10.664522171020508
118,-1 days +18:00:00,15.395299911499023
119,0 days 00:00:00,18.071552276611328
120,0 days 06:00:00,22.389503479003906
121,0 days 18:00:00,7.187965393066406
122,1 days 00:00:00,
123,-1 days +18:00:00,6.580997943878174
124,0 days 00:00:00,6.550784587860107
125,0 days 06:00:00,17.021690368652344
126,0 days 18:00:00,26.638792037963867
127,-1 days +12:00:00,6.580997943878174
128,-1 days +18:00:00,6.550784587860107
129,0 days 00:00:00,17.021690368652344
130,0 days 12:00:00,26.638792037963867
131,1 days 00:00:00,25.321069717407227
132,-1 days +06:00:00,
133,-1 days +12:00:00,10.892532348632812
134,0 days 00:00:00,14.458392143249512
135,0 days 06:00:00,
136,0 days 12:00:00,12.769567489624023
137,1 days 00:00:00,15.510148048400879
138,1 days 06:00:00,27.212356567382812
139,1 days 12:00:00,15.861780166625977
140,-1 days +12:00:00,14.458392143249512
141,-1 days +18:00:00,
142,0 days 00:00:00,12.769567489624023
143,0 days 12:00:00,15.510148048400879
144,0 days 18:00:00,27.212356567382812
145,1 days 00:00:00,15.861780166625977
146,1 days 12:00:00,
147,-1 days +00:00:00,9.15588665008545
148,-1 days +12:00:00,
149,0 days 00:00:00,8.07120132446289
150,0 days 06:00:00,9.343588829040527
151,0 days 12:00:00,9.924177169799805
152,1 days 00:00:00,10.739412307739258
153,1 days 06:00:00,
154,1 days 12:00:00,
155,-2 days +18:00:00,9.15588665008545
156,-1 days +06:00:00,
157,-1 days +18:00:00,8.07120132446289
158,0 days 00:00:00,9.343588829040527
159,0 days 06:00:00,9.924177169799805
160,0 days 18:00:00,10.739412307739258
161,1 days 00:00:00,
162,1 days 06:00:00,
163,-1 days +12:00:00,8.07120132446289
164,-1 days +18:00:00,9.343588829040527
165,0 days 00:00:00,9.924177169799805
166,0 days 12:00:00,10.739412307739258
167,0 days 18:00:00,
168,1 days 00:00:00,
169,1 days 12:00:00,9.44545841217041
170,-1 days +12:00:00,9.924177169799805
171,0 days 00:00:00,10.739412307739258
172,0 days 06:00:00,
173,0 days 12:00:00,
174,1 days 00:00:00,9.44545841217041
175,1 days 06:00:00,9.343734741210938
176,1 days 12:00:00,
177,-1 days +03:00:00,13.459441184997559
178,-1 days +15:00:00,
179,0 days 03:00:00,13.894462585449219
180,0 days 09:00:00,7.174966812133789
181,0 days 15:00:00,
182,1 days 03:00:00,20.54559326171875
183,1 days 09:00:00,24.062992095947266
184,1 days 15:00:00,24.182558059692383
185,-1 days +00:00:00,13.459441184997559
186,-1 days +12:00:00,
187,0 days 00:00:00,13.894462585449219
188,0 days 06:00:00,7.174966812133789
189,0 days 12:00:00,
190,1 days 00:00:00,20.54559326171875
191,1 days 06:00:00,24.062992095947266
192,1 days 12:00:00,24.182558059692383
193,-1 days +09:00:00,
194,-1 days +21:00:00,13.894462585449219
195,0 days 03:00:00,7.174966812133789
196,0 days 09:00:00,
197,0 days 21:00:00,20.54559326171875
198,1 days 03:00:00,24.062992095947266
199,1 days 09:00:00,24.182558059692383
200,1 days 21:00:00,28.615081787109375
201,-1 days +06:00:00,
202,-1 days +18:00:00,13.894462585449219
203,0 days 00:00:00,7.174966812133789
204,0 days 06:00:00,
205,0 days 18:00:00,20.54559326171875
206,1 days 00:00:00,24.062992095947266
207,1 days 06:00:00,24.182558059692383
208,1 days 18:00:00,28.615081787109375
209,-1 days +15:00:00,13.894462585449219
210,-1 days +21:00:00,7.174966812133789
211,0 days 03:00:00,
212,0 days 15:00:00,20.54559326171875
213,0 days 21:00:00,24.062992095947266
214,1 days 03:00:00,24.182558059692383
215,1 days 15:00:00,28.615081787109375
216,-1 days +12:00:00,
217,0 days 00:00:00,15.004616737365723
218,0 days 12:00:00,
219,0 days 18:00:00,9.13517951965332
220,1 days 00:00:00,17.913251876831055
221,1 days 12:00:00,17.205917358398438
222,1 days 18:00:00,16.965425491333008
223,-1 days +06:00:00,15.004616737365723
224,-1 days +18:00:00,
225,0 days 00:00:00,9.13517951965332
226,0 days 06:00:00,17.913251876831055
227,0 days 18:00:00,17.205917358398438
228,1 days 00:00:00,16.965425491333008
229,1 days 06:00:00,
230,1 days 18:00:00,17.890958786010742
231,-1 days +06:00:00,
232,-1 days +12:00:00,
233,0 days 00:00:00,13.694952964782715
234,0 days 06:00:00,13.872389793395996
235,0 days 12:00:00,
236,1 days 00:00:00,15.157995223999023
237,1 days 12:00:00,
238,-1 days +06:00:00,
239,-1 days +18:00:00,13.694952964782715
240,0 days 00:00:00,13.872389793395996
241,0 days 06:00:00,
242,0 days 18:00:00,15.157995223999023
243,1 days 06:00:00,
244,1 days 18:00:00,26.233213424682617
245,-1 days +06:00:00,12.969794273376465
246,0 days 00:00:00,15.005297660827637
247,0 days 06:00:00,10.827354431152344
248,1 days 00:00:00,10.381281852722168
249,1 days 06:00:00,
250,-1 days +18:00:00,15.005297660827637
251,0 days 00:00:00,10.827354431152344
252,0 days 18:00:00,10.381281852722168
253,1 days 00:00:00,
254,1 days 12:00:00,7.599817276000977
255,-1 days +15:00:00,15.005297660827637
256,-1 days +21:00:00,10.827354431152344
257,0 days 15:00:00,10.381281852722168
258,0 days 21:00:00,
259,1 days 09:00:00,7.599817276000977
260,-1 days +18:00:00,41.00476837158203
261,0 days 00:00:00,61.726280212402344
262,0 days 12:00:00,
263,0 days 18:00:00,39.278167724609375
264,1 days 00:00:00,
265,1 days 12:00:00,32.5129508972168
266,-1 days +12:00:00,9.591768264770508
267,0 days 00:00:00,12.576497077941895
268,0 days 06:00:00,11.531816482543945
269,0 days 12:00:00,
270,1 days 00:00:00,12.300970077514648
271,1 days 06:00:00,
272,1 days 12:00:00,
273,-1 days +18:00:00,12.576497077941895
274,0 days 00:00:00,11.531816482543945
275,0 days 06:00:00,
276,0 days 18:00:00,12.300970077514648
277,1 days 00:00:00,
278,1 days 06:00:00,
279,-1 days +12:00:00,12.924935340881348
280,-1 days +18:00:00,11.400014877319336
281,0 days 00:00:00,7.846456050872803
282,0 days 12:00:00,10.732925415039062
283,0 days 18:00:00,10.992645263671875
284,1 days 00:00:00,28.744834899902344
285,1 days 12:00:00,12.706753730773926
286,-2 days +06:00:00,11.92669677734375
287,-2 days +18:00:00,
288,-1 days +00:00:00,10.338875770568848
289,-1 days +06:00:00,17.720510482788086
290,-1 days +18:00:00,15.114686965942383
291,0 days 00:00:00,14.352693557739258
292,0 days 06:00:00,14.505993843078613
293,0 days 18:00:00,21.88319206237793
294,1 days 00:00:00,
295,1 days 06:00:00,
296,1 days 18:00:00,
297,-3 days +21:00:00,8.163135528564453
298,-2 days +03:00:00,11.92669677734375
299,-2 days +15:00:00,
300,-2 days +21:00:00,10.338875770568848
301,-1 days +03:00:00,17.720510482788086
302,-1 days +15:00:00,15.114686965942383
303,-1 days +21:00:00,14.352693557739258
304,0 days 03:00:00,14.505993843078613
305,0 days 15:00:00,21.88319206237793
306,0 days 21:00:00,
307,1 days 03:00:00,
308,1 days 15:00:00,
309,-3 days +18:00:00,8.163135528564453
310,-2 days +00:00:00,11.92669677734375
311,-2 days +12:00:00,
312,-2 days +18:00:00,10.338875770568848
313,-1 days +00:00:00,17.720510482788086
314,-1 days +12:00:00,15.114686965942383
315,-1 days +18:00:00,14.352693557739258
316,0 days 00:00:00,14.505993843078613
317,0 days 12:00:00,21.88319206237793
318,0 days 18:00:00,
319,1 days 00:00:00,
320,1 days 12:00:00,
321,-3 days +15:00:00,8.163135528564453
322,-3 days +21:00:00,11.92669677734375
323,-2 days +09:00:00,
324,-2 days +15:00:00,10.338875770568848
325,-2 days +21:00:00,17.720510482788086
326,-1 days +09:00:00,15.114686965942383
327,-1 days +15:00:00,14.352693557739258
328,-1 days +21:00:00,14.505993843078613
329,0 days 09:00:00,21.88319206237793
330,0 days 15:00:00,
331,0 days 21:00:00,
332,1 days 09:00:00,
333,1 days 15:00:00,
334,-2 days +15:00:00,
335,-2 days +21:00:00,
336,-1 days +03:00:00,27.434391021728516
337,-1 days +15:00:00,13.44334888458252
338,-1 days +21:00:00,
339,0 days 03:00:00,10.051362991333008
340,0 days 15:00:00,
341,0 days 21:00:00,9.466087341308594
342,1 days 15:00:00,
343,-2 days +18:00:00,
344,-1 days +00:00:00,27.434391021728516
345,-1 days +12:00:00,13.44334888458252
346,-1 days +18:00:00,
347,0 days 00:00:00,10.051362991333008
348,0 days 12:00:00,
349,0 days 18:00:00,9.466087341308594
350,1 days 12:00:00,
351,1 days 18:00:00,16.078527450561523
352,-1 days +06:00:00,13.20889949798584
353,-1 days +18:00:00,
354,0 days 00:00:00,9.03252124786377
355,0 days 06:00:00,11.050881385803223
356,0 days 18:00:00,16.09063148498535
357,1 days 00:00:00,12.448076248168945
358,1 days 06:00:00,
359,1 days 18:00:00,
360,-1 days +12:00:00,
361,-1 days +18:00:00,9.03252124786377
362,0 days 00:00:00,11.050881385803223
363,0 days 12:00:00,16.09063148498535
364,0 days 18:00:00,12.448076248168945
365,1 days 00:00:00,
366,1 days 12:00:00,
367,1 days 18:00:00,10.054996490478516
368,-1 days +06:00:00,11.050881385803223
369,-1 days +18:00:00,16.09063148498535
370,0 days 00:00:00,12.448076248168945
371,0 days 06:00:00,
372,0 days 18:00:00,
373,1 days 00:00:00,10.054996490478516
374,1 days 06:00:00,
375,1 days 18:00:00,45.42022705078125
376,0 days 00:00:00,25.670856475830078
377,0 days 06:00:00,
378,0 days 18:00:00,9.90772533416748
379,1 days 00:00:00,
380,1 days 06:00:00,26.503219604492188
381,-1 days +06:00:00,9.736021041870117
382,-1 days +18:00:00,
383,0 days 00:00:00,9.61366081237793
384,0 days 06:00:00,
385,0 days 18:00:00,
386,1 days 00:00:00,9.63128662109375
387,1 days 12:00:00,6.826832294464111
388,1 days 18:00:00,
389,-1 days +18:00:00,
390,0 days 00:00:00,16.644271850585938
391,0 days 06:00:00,
392,0 days 18:00:00,17.67380714416504
393,1 days 00:00:00,15.130526542663574
394,1 days 06:00:00,17.258119583129883
395,-1 days +18:00:00,12.075764656066895
396,0 days 00:00:00,11.632692337036133
397,0 days 06:00:00,11.268510818481445
398,0 days 18:00:00,11.573707580566406
399,1 days 00:00:00,20.694091796875
400,1 days 06:00:00,13.198512077331543
401,-1 days +12:00:00,12.075764656066895
402,-1 days +18:00:00,11.632692337036133
403,0 days 00:00:00,11.268510818481445
404,0 days 12:00:00,11.573707580566406
405,0 days 18:00:00,20.694091796875
406,1 days 00:00:00,13.198512077331543
407,1 days 12:00:00,
408,-1 days +00:00:00,12.075764656066895
409,-1 days +06:00:00,11.632692337036133
410,-1 days +12:00:00,11.268510818481445
411,0 days 00:00:00,11.573707580566406
412,0 days 06:00:00,20.694091796875
413,0 days 12:00:00,13.198512077331543
414,1 days 00:00:00,
415,1 days 06:00:00,
416,2 days 00:00:00,13.658586502075195
417,2 days 06:00:00,26.843996047973633
418,3 days 00:00:00,12.880537986755371
419,3 days 06:00:00,
420,-1 days +12:00:00,
421,0 days 00:00:00,21.044252395629883
422,0 days 06:00:00,
423,0 days 12:00:00,47.515357971191406
424,1 days 00:00:00,43.595741271972656
425,1 days 06:00:00,28.958656311035156
426,-1 days +12:00:00,10.134528160095215
427,-1 days +18:00:00,11.698609352111816
428,0 days 00:00:00,12.335572242736816
429,0 days 12:00:00,
430,0 days 18:00:00,
431,1 days 00:00:00,13.796085357666016
432,1 days 12:00:00,
433,1 days 18:00:00,15.354448318481445
434,2 days 00:00:00,15.715478897094727
435,-1 days +09:00:00,10.134528160095215
436,-1 days +15:00:00,11.698609352111816
437,-1 days +21:00:00,12.335572242736816
438,0 days 09:00:00,
439,0 days 15:00:00,
440,0 days 21:00:00,13.796085357666016
441,1 days 09:00:00,
442,1 days 15:00:00,15.354448318481445
443,1 days 21:00:00,15.715478897094727
444,-1 days +03:00:00,12.335572242736816
445,-1 days +15:00:00,
446,-1 days +21:00:00,
447,0 days 03:00:00,13.796085357666016
448,0 days 15:00:00,
449,0 days 21:00:00,15.354448318481445
450,1 days 03:00:00,15.715478897094727
451,1 days 15:00:00,40.79509735107422
452,-1 days +12:00:00,
453,-1 days +18:00:00,
454,0 days 00:00:00,13.796085357666016
455,0 days 12:00:00,
456,0 days 18:00:00,15.354448318481445
457,1 days 00:00:00,15.715478897094727
458,1 days 12:00:00,40.79509735107422
459,-1 days +09:00:00,
460,-1 days +15:00:00,
461,-1 days +21:00:00,13.796085357666016
462,0 days 09:00:00,
463,0 days 15:00:00,15.354448318481445
464,0 days 21:00:00,15.715478897094727
465,1 days 09:00:00,40.79509735107422
466,-2 days +21:00:00,
467,-1 days +03:00:00,
468,-1 days +09:00:00,13.796085357666016
469,-1 days +21:00:00,
470,0 days 03:00:00,15.354448318481445
471,0 days 09:00:00,15.715478897094727
472,0 days 21:00:00,40.79509735107422
473,1 days 09:00:00,
474,-1 days +18:00:00,
475,0 days 00:00:00,9.85277271270752
476,0 days 06:00:00,19.376087188720703
477,0 days 18:00:00,
478,1 days 00:00:00,9.880696296691895
479,1 days 06:00:00,20.65074348449707
480,-1 days +12:00:00,
481,-1 days +18:00:00,9.85277271270752
482,0 days 00:00:00,19.376087188720703
483,0 days 12:00:00,
484,0 days 18:00:00,9.880696296691895
485,1 days 00:00:00,20.65074348449707
486,1 days 12:00:00,
487,-1 days +12:00:00,
488,0 days 00:00:00,14.178881645202637
489,0 days 12:00:00,
490,1 days 00:00:00,19.971208572387695
491,1 days 12:00:00,
492,0 days 00:00:00,7.810065746307373
493,0 days 06:00:00,12.338582992553711
494,0 days 12:00:00,3.848478317260742
495,1 days 00:00:00,13.42747688293457
496,1 days 06:00:00,
497,-1 days +18:00:00,7.810065746307373
498,0 days 00:00:00,12.338582992553711
499,0 days 06:00:00,3.848478317260742
500,0 days 18:00:00,13.42747688293457
501,1 days 00:00:00,
502,-1 days +12:00:00,7.810065746307373
503,-1 days +18:00:00,12.338582992553711
504,0 days 00:00:00,3.848478317260742
505,0 days 12:00:00,13.42747688293457
506,0 days 18:00:00,
507,1 days 12:00:00,11.8355131149292
508,-2 days +00:00:00,
509,-2 days +06:00:00,11.109869003295898
510,-1 days +00:00:00,12.050933837890625
511,-1 days +06:00:00,12.755094528198242
512,0 days 00:00:00,18.743261337280273
513,0 days 06:00:00,19.749292373657227
514,1 days 00:00:00,25.86402702331543
515,1 days 06:00:00,22.450462341308594
516,-3 days +00:00:00,
517,-3 days +18:00:00,
518,-2 days +00:00:00,11.109869003295898
519,-2 days +18:00:00,12.050933837890625
520,-1 days +00:00:00,12.755094528198242
521,-1 days +18:00:00,18.743261337280273
522,0 days 00:00:00,19.749292373657227
523,0 days 18:00:00,25.86402702331543
524,1 days 00:00:00,22.450462341308594
525,1 days 18:00:00,27.656158447265625
526,-1 days +06:00:00,
527,0 days 00:00:00,11.005288124084473
528,0 days 06:00:00,
529,0 days 18:00:00,8.556106567382812
530,1 days 00:00:00,15.897397994995117
531,1 days 06:00:00,20.35015296936035
532,-1 days +00:00:00,9.300788879394531
533,-1 days +06:00:00,11.905950546264648
534,0 days 00:00:00,9.903165817260742
535,0 days 06:00:00,10.118457794189453
536,0 days 18:00:00,15.050865173339844
537,1 days 00:00:00,
538,1 days 06:00:00,
539,-1 days +18:00:00,9.903165817260742
540,0 days 00:00:00,10.118457794189453
541,0 days 12:00:00,15.050865173339844
542,0 days 18:00:00,
543,1 days 00:00:00,
544,1 days 12:00:00,16.264373779296875
545,-1 days +06:00:00,9.903165817260742
546,-1 days +12:00:00,10.118457794189453
547,0 days 00:00:00,15.050865173339844
548,0 days 06:00:00,
549,0 days 12:00:00,
550,1 days 00:00:00,16.264373779296875
551,1 days 06:00:00,28.13311004638672
552,1 days 12:00:00,
553,-1 days +12:00:00,20.47248649597168
554,-1 days +18:00:00,
555,0 days 00:00:00,8.987886428833008
556,0 days 12:00:00,41.87065505981445
557,0 days 18:00:00,41.226722717285156
558,1 days 12:00:00,12.548726081848145
559,-1 days +12:00:00,11.470711708068848
560,0 days 00:00:00,11.682271003723145
561,0 days 12:00:00,14.472063064575195
562,1 days 00:00:00,12.859811782836914
563,1 days 12:00:00,12.733513832092285
564,6 days 00:00:00,17.714366912841797
565,6 days 06:00:00,
566,-1 days +12:00:00,11.682271003723145
567,0 days 00:00:00,14.472063064575195
568,0 days 12:00:00,12.859811782836914
569,1 days 00:00:00,12.733513832092285
570,1 days 18:00:00,12.195683479309082
571,2 days 00:00:00,26.031057357788086
572,5 days 12:00:00,17.714366912841797
573,5 days 18:00:00,
574,-5 days +12:00:00,14.472063064575195
575,-3 days +06:00:00,12.195683479309082
576,-3 days +12:00:00,26.031057357788086
577,-2 days +06:00:00,15.111289978027344
578,-2 days +12:00:00,10.693792343139648
579,-1 days +00:00:00,11.411249160766602
580,-1 days +06:00:00,22.47735595703125
581,0 days 00:00:00,9.897357940673828
582,0 days 06:00:00,26.8829345703125
583,1 days 00:00:00,17.714366912841797
584,1 days 06:00:00,
585,-5 days +06:00:00,14.472063064575195
586,-3 days +00:00:00,12.195683479309082
587,-3 days +06:00:00,26.031057357788086
588,-1 days +18:00:00,9.897357940673828
589,0 days 00:00:00,26.8829345703125
590,0 days 18:00:00,17.714366912841797
591,1 days 00:00:00,
592,1 days 18:00:00,
593,-1 days +12:00:00,10.981979370117188
594,-1 days +18:00:00,9.138269424438477
595,0 days 00:00:00,3.6161437034606934
596,0 days 06:00:00,5.265722751617432
597,0 days 12:00:00,16.757047653198242
598,0 days 18:00:00,9.299603462219238
599,1 days 00:00:00,5.727431774139404
600,1 days 06:00:00,8.825164794921875
601,1 days 12:00:00,10.232898712158203
602,-1 days +09:00:00,23.827789306640625
603,-1 days +15:00:00,25.573965072631836
604,-1 days +21:00:00,20.20730972290039
605,0 days 09:00:00,26.988887786865234
606,0 days 15:00:00,18.66094970703125
607,0 days 21:00:00,
608,1 days 09:00:00,32.04924774169922
609,-1 days +03:00:00,20.20730972290039
610,-1 days +15:00:00,26.988887786865234
611,-1 days +21:00:00,18.66094970703125
612,0 days 03:00:00,
613,0 days 15:00:00,32.04924774169922
614,0 days 21:00:00,16.47919464111328
615,1 days 03:00:00,45.57658004760742
616,1 days 15:00:00,13.059232711791992
617,-1 days +03:00:00,26.988887786865234
618,-1 days +09:00:00,18.66094970703125
619,-1 days +15:00:00,
620,0 days 03:00:00,32.04924774169922
621,0 days 09:00:00,16.47919464111328
622,0 days 15:00:00,45.57658004760742
623,1 days 03:00:00,13.059232711791992
624,1 days 09:00:00,10.691156387329102
625,1 days 15:00:00,13.668907165527344
626,-1 days +00:00:00,10.92431354522705
627,-1 days +12:00:00,12.793007850646973
628,-1 days +18:00:00,9.385933876037598
629,0 days 00:00:00,8.822202682495117
630,0 days 12:00:00,15.458429336547852
631,0 days 18:00:00,9.866616249084473
632,1 days 12:00:00,15.216525077819824
633,1 days 18:00:00,
634,-1 days +12:00:00,45.7542724609375
635,-1 days +18:00:00,16.101526260375977
636,0 days 00:00:00,19.186481475830078
637,0 days 12:00:00,
638,0 days 18:00:00,13.480008125305176
639,1 days 12:00:00,37.11802291870117
640,-1 days +06:00:00,13.835891723632812
641,-1 days +12:00:00,
642,0 days 00:00:00,6.6239519119262695
643,0 days 06:00:00,8.926478385925293
644,0 days 12:00:00,
645,1 days 00:00:00,10.432411193847656
646,1 days 06:00:00,28.367733001708984
647,1 days 12:00:00,38.28047180175781
648,-1 days +06:00:00,
649,-1 days +18:00:00,6.6239519119262695
650,0 days 00:00:00,8.926478385925293
651,0 days 06:00:00,
652,0 days 18:00:00,10.432411193847656
653,1 days 00:00:00,28.367733001708984
654,1 days 06:00:00,38.28047180175781
655,-1 days +12:00:00,9.344511032104492
656,0 days 00:00:00,18.704185485839844
657,0 days 12:00:00,
658,1 days 00:00:00,12.248549461364746
659,1 days 12:00:00,22.689594268798828
660,-1 days +12:00:00,
661,0 days 00:00:00,12.248549461364746
662,0 days 12:00:00,22.689594268798828
663,1 days 00:00:00,24.034910202026367
664,1 days 06:00:00,13.04730224609375
665,1 days 12:00:00,
666,-1 days +06:00:00,8.405244827270508
667,-1 days +12:00:00,
668,0 days 00:00:00,8.316770553588867
669,0 days 06:00:00,19.163122177124023
670,0 days 12:00:00,20.87256622314453
671,1 days 00:00:00,7.031093120574951
672,1 days 06:00:00,20.694894790649414
673,1 days 12:00:00,16.856523513793945
674,-1 days +06:00:00,11.671168327331543
675,-1 days +18:00:00,
676,0 days 00:00:00,13.029621124267578
677,0 days 06:00:00,
678,0 days 18:00:00,26.52142333984375
679,1 days 00:00:00,17.07204246520996
680,1 days 06:00:00,61.9417610168457
681,1 days 18:00:00,
682,0 days 00:00:00,11.920382499694824
683,0 days 12:00:00,12.69894790649414
684,1 days 00:00:00,18.72186279296875
685,1 days 06:00:00,15.979455947875977
686,1 days 12:00:00,
687,2 days 00:00:00,27.786609649658203
688,-1 days +12:00:00,11.920382499694824
689,0 days 00:00:00,12.69894790649414
690,0 days 12:00:00,18.72186279296875
691,0 days 18:00:00,15.979455947875977
692,1 days 00:00:00,
693,1 days 12:00:00,27.786609649658203
694,1 days 18:00:00,18.833080291748047
695,0 days 00:00:00,12.71564769744873
696,0 days 12:00:00,12.409040451049805
697,0 days 18:00:00,
698,1 days 12:00:00,25.014263153076172
699,-1 days +06:00:00,
700,-1 days +12:00:00,14.310149192810059
701,0 days 00:00:00,11.104769706726074
702,0 days 06:00:00,
703,0 days 12:00:00,9.406278610229492
704,1 days 00:00:00,
705,1 days 06:00:00,9.67158317565918
706,1 days 12:00:00,
707,-1 days +06:00:00,8.581576347351074
708,-1 days +18:00:00,
709,0 days 00:00:00,11.62016773223877
710,0 days 18:00:00,
711,1 days 00:00:00,22.353118896484375
712,-1 days +18:00:00,17.94059944152832
713,0 days 00:00:00,9.225516319274902
714,0 days 06:00:00,
715,0 days 18:00:00,
716,1 days 00:00:00,10.644781112670898
717,1 days 06:00:00,
718,-1 days +12:00:00,
719,0 days 00:00:00,25.301349639892578
720,0 days 06:00:00,7.772126197814941
721,0 days 12:00:00,16.618335723876953
722,1 days 00:00:00,
723,1 days 06:00:00,14.27358627319336
724,1 days 12:00:00,
725,-1 days +06:00:00,
726,-1 days +18:00:00,25.301349639892578
727,0 days 00:00:00,7.772126197814941
728,0 days 06:00:00,16.618335723876953
729,0 days 18:00:00,
730,1 days 00:00:00,14.27358627319336
731,1 days 06:00:00,
732,-1 days +12:00:00,25.301349639892578
733,-1 days +18:00:00,7.772126197814941
734,0 days 00:00:00,16.618335723876953
735,0 days 12:00:00,
736,0 days 18:00:00,14.27358627319336
737,1 days 00:00:00,
738,1 days 12:00:00,
739,-1 days +00:00:00,6.785209655761719
740,-1 days +12:00:00,17.492216110229492
741,0 days 00:00:00,10.747130393981934
742,0 days 06:00:00,9.554718017578125
743,0 days 12:00:00,20.76874542236328
744,1 days 00:00:00,22.53592872619629
745,1 days 06:00:00,25.737468719482422
746,1 days 12:00:00,26.04341697692871
747,-2 days +18:00:00,6.785209655761719
748,-1 days +06:00:00,17.492216110229492
749,-1 days +18:00:00,10.747130393981934
750,0 days 00:00:00,9.554718017578125
751,0 days 06:00:00,20.76874542236328
752,0 days 18:00:00,22.53592872619629
753,1 days 00:00:00,25.737468719482422
754,1 days 06:00:00,26.04341697692871
755,-1 days +00:00:00,17.492216110229492
756,-1 days +12:00:00,10.747130393981934
757,-1 days +18:00:00,9.554718017578125
758,0 days 00:00:00,20.76874542236328
759,0 days 12:00:00,22.53592872619629
760,0 days 18:00:00,25.737468719482422
761,1 days 00:00:00,26.04341697692871
762,1 days 12:00:00,16.834644317626953
763,-1 days +06:00:00,11.395493507385254
764,-1 days +12:00:00,9.40957260131836
765,0 days 00:00:00,16.88580322265625
766,0 days 06:00:00,12.068159103393555
767,0 days 12:00:00,
768,1 days 00:00:00,22.290952682495117
769,1 days 06:00:00,39.90414047241211
770,1 days 12:00:00,
771,-1 days +06:00:00,9.40957260131836
772,-1 days +18:00:00,16.88580322265625
773,0 days 00:00:00,12.068159103393555
774,0 days 06:00:00,
775,0 days 18:00:00,22.290952682495117
776,1 days 00:00:00,39.90414047241211
777,1 days 06:00:00,
778,-2 days +06:00:00,
779,-2 days +12:00:00,13.081727027893066
780,-2 days +18:00:00,10.830602645874023
781,-1 days +00:00:00,12.404526710510254
782,-1 days +06:00:00,11.037975311279297
783,-1 days +12:00:00,
784,0 days 00:00:00,18.585294723510742
785,0 days 06:00:00,14.508721351623535
786,0 days 12:00:00,
787,1 days 00:00:00,24.79644775390625
788,1 days 06:00:00,35.323909759521484
789,1 days 12:00:00,
790,-2 days +00:00:00,
791,-2 days +06:00:00,13.081727027893066
792,-2 days +12:00:00,10.830602645874023
793,-2 days +18:00:00,12.404526710510254
794,-1 days +00:00:00,11.037975311279297
795,-1 days +06:00:00,
796,-1 days +18:00:00,18.585294723510742
797,0 days 00:00:00,14.508721351623535
798,0 days 06:00:00,
799,0 days 18:00:00,24.79644775390625
800,1 days 00:00:00,35.323909759521484
801,1 days 06:00:00,
802,-1 days +00:00:00,18.585294723510742
803,-1 days +06:00:00,14.508721351623535
804,-1 days +12:00:00,
805,0 days 00:00:00,24.79644775390625
806,0 days 06:00:00,35.323909759521484
807,0 days 12:00:00,
808,1 days 00:00:00,44.7338981628418
809,1 days 06:00:00,16.783418655395508
810,1 days 12:00:00,
811,-1 days +12:00:00,10.662870407104492
812,0 days 00:00:00,9.196270942687988
813,0 days 06:00:00,21.206748962402344
814,0 days 12:00:00,10.513787269592285
815,1 days 00:00:00,11.903748512268066
816,1 days 06:00:00,8.824102401733398
817,1 days 12:00:00,19.335718154907227
818,-1 days +18:00:00,9.196270942687988
819,0 days 00:00:00,21.206748962402344
820,0 days 06:00:00,10.513787269592285
821,0 days 18:00:00,11.903748512268066
822,1 days 00:00:00,8.824102401733398
823,1 days 06:00:00,19.335718154907227
824,1 days 18:00:00,
825,-1 days +12:00:00,9.196270942687988
826,-1 days +18:00:00,21.206748962402344
827,0 days 00:00:00,10.513787269592285
828,0 days 12:00:00,11.903748512268066
829,0 days 18:00:00,8.824102401733398
830,1 days 00:00:00,19.335718154907227
831,1 days 12:00:00,
832,1 days 18:00:00,16.988832473754883
833,-1 days +06:00:00,21.206748962402344
834,-1 days +12:00:00,10.513787269592285
835,0 days 00:00:00,11.903748512268066
836,0 days 06:00:00,8.824102401733398
837,0 days 12:00:00,19.335718154907227
838,1 days 00:00:00,
839,1 days 06:00:00,16.988832473754883
840,1 days 12:00:00,22.152198791503906
841,-1 days +12:00:00,
842,0 days 00:00:00,8.975656509399414
843,0 days 12:00:00,
844,1 days 00:00:00,24.1966552734375
845,1 days 12:00:00,18.723281860351562
846,-1 days +00:00:00,8.975656509399414
847,-1 days +12:00:00,
848,0 days 00:00:00,24.1966552734375
849,0 days 12:00:00,18.723281860351562
850,0 days 18:00:00,22.80244255065918
851,1 days 00:00:00,25.223325729370117
852,1 days 12:00:00,7.242154121398926
853,-1 days +12:00:00,26.7722110748291
854,0 days 00:00:00,17.133955001831055
855,0 days 12:00:00,12.144909858703613
856,1 days 00:00:00,
857,1 days 06:00:00,
858,1 days 12:00:00,62.44731140136719
859,-1 days +09:00:00,26.7722110748291
860,-1 days +21:00:00,17.133955001831055
861,0 days 09:00:00,12.144909858703613
862,0 days 21:00:00,
863,1 days 03:00:00,
864,1 days 09:00:00,62.44731140136719
865,1 days 21:00:00,
866,-1 days +03:00:00,26.7722110748291
867,-1 days +15:00:00,17.133955001831055
868,0 days 03:00:00,12.144909858703613
869,0 days 15:00:00,
870,0 days 21:00:00,
871,1 days 03:00:00,62.44731140136719
872,1 days 15:00:00,
873,-1 days +12:00:00,17.133955001831055
874,0 days 00:00:00,12.144909858703613
875,0 days 12:00:00,
876,0 days 18:00:00,
877,1 days 00:00:00,62.44731140136719
878,1 days 12:00:00,
879,1 days 18:00:00,
880,-1 days +09:00:00,17.133955001831055
881,-1 days +21:00:00,12.144909858703613
882,0 days 09:00:00,
883,0 days 15:00:00,
884,0 days 21:00:00,62.44731140136719
885,1 days 09:00:00,
886,1 days 15:00:00,
887,-1 days +12:00:00,15.781608581542969
888,0 days 00:00:00,25.143756866455078
889,0 days 12:00:00,
890,1 days 00:00:00,18.454343795776367
891,1 days 12:00:00,29.202177047729492
892,-1 days +06:00:00,13.205732345581055
893,-1 days +18:00:00,
894,0 days 00:00:00,26.478116989135742
895,0 days 06:00:00,13.52591323852539
896,0 days 18:00:00,
897,1 days 00:00:00,27.98876190185547
898,-1 days +06:00:00,10.140030860900879
899,0 days 00:00:00,11.378180503845215
900,0 days 06:00:00,
901,1 days 00:00:00,14.580711364746094
902,1 days 06:00:00,11.038619041442871
903,0 days 00:00:00,19.57443618774414
904,0 days 06:00:00,12.383768081665039
905,0 days 18:00:00,34.88576889038086
906,1 days 00:00:00,16.163143157958984
907,1 days 06:00:00,15.576250076293945
908,-1 days +18:00:00,19.57443618774414
909,0 days 00:00:00,12.383768081665039
910,0 days 12:00:00,34.88576889038086
911,0 days 18:00:00,16.163143157958984
912,1 days 00:00:00,15.576250076293945
913,1 days 12:00:00,
914,-1 days +06:00:00,13.083915710449219
915,-1 days +12:00:00,
916,0 days 00:00:00,16.68745231628418
917,0 days 06:00:00,15.8566312789917
918,0 days 12:00:00,9.465997695922852
919,1 days 00:00:00,
920,1 days 06:00:00,
921,1 days 12:00:00,7.229111194610596
922,-1 days +18:00:00,10.972894668579102
923,0 days 00:00:00,11.084562301635742
924,0 days 06:00:00,8.652200698852539
925,0 days 18:00:00,12.31424617767334
926,1 days 00:00:00,12.499507904052734
927,-1 days +12:00:00,10.972894668579102
928,-1 days +18:00:00,11.084562301635742
929,0 days 00:00:00,8.652200698852539
930,0 days 12:00:00,12.31424617767334
931,0 days 18:00:00,12.499507904052734
932,1 days 12:00:00,13.42774486541748
933,-1 days +06:00:00,11.084562301635742
934,-1 days +12:00:00,8.652200698852539
935,0 days 00:00:00,12.31424617767334
936,0 days 06:00:00,12.499507904052734
937,1 days 00:00:00,13.42774486541748
938,1 days 06:00:00,
939,-1 days +06:00:00,8.652200698852539
940,-1 days +18:00:00,12.31424617767334
941,0 days 00:00:00,12.499507904052734
942,0 days 18:00:00,13.42774486541748
943,1 days 00:00:00,
944,-1 days +06:00:00,
945,-1 days +18:00:00,20.364850997924805
946,0 days 00:00:00,7.518156051635742
947,0 days 06:00:00,20.611032485961914
948,0 days 18:00:00,15.83538818359375
949,1 days 00:00:00,14.182096481323242
950,1 days 06:00:00,12.314136505126953
951,1 days 18:00:00,
952,-1 days +12:00:00,20.364850997924805
953,-1 days +18:00:00,7.518156051635742
954,0 days 00:00:00,20.611032485961914
955,0 days 12:00:00,15.83538818359375
956,0 days 18:00:00,14.182096481323242
957,1 days 00:00:00,12.314136505126953
958,1 days 12:00:00,
959,1 days 18:00:00,
960,-1 days +00:00:00,18.432453155517578
961,-1 days +06:00:00,15.600512504577637
962,-1 days +18:00:00,6.8310418128967285
963,0 days 00:00:00,17.391477584838867
964,0 days 06:00:00,
965,0 days 18:00:00,35.9732780456543
966,1 days 00:00:00,
967,1 days 06:00:00,7.457812309265137
968,-1 days +12:00:00,
969,0 days 00:00:00,18.300657272338867
970,0 days 12:00:00,33.48491668701172
971,0 days 18:00:00,13.17280387878418
972,1 days 00:00:00,
973,1 days 12:00:00,
974,0 days 00:00:00,14.33700180053711
975,0 days 12:00:00,
976,0 days 18:00:00,11.03973388671875
977,1 days 00:00:00,
978,1 days 12:00:00,
979,-2 days +21:00:00,10.118423461914062
980,-1 days +03:00:00,
981,-1 days +15:00:00,13.571840286254883
982,-1 days +21:00:00,27.390920639038086
983,0 days 03:00:00,7.544854640960693
984,0 days 15:00:00,26.61768341064453
985,0 days 21:00:00,28.47285270690918
986,1 days 15:00:00,
987,-2 days +18:00:00,10.118423461914062
988,-1 days +00:00:00,
989,-1 days +12:00:00,13.571840286254883
990,-1 days +18:00:00,27.390920639038086
991,0 days 00:00:00,7.544854640960693
992,0 days 12:00:00,26.61768341064453
993,0 days 18:00:00,28.47285270690918
994,1 days 12:00:00,
995,-2 days +15:00:00,10.118423461914062
996,-2 days +21:00:00,
997,-1 days +09:00:00,13.571840286254883
998,-1 days +15:00:00,27.390920639038086
999,-1 days +21:00:00,7.544854640960693
1000,0 days 09:00:00,26.61768341064453
1001,0 days 15:00:00,28.47285270690918
1002,1 days 09:00:00,
1003,-1 days +12:00:00,10.657747268676758
1004,0 days 00:00:00,12.031282424926758
1005,0 days 06:00:00,8.733771324157715
1006,0 days 12:00:00,17.809595108032227
1007,1 days 00:00:00,19.624799728393555
1008,1 days 06:00:00,7.639538288116455
1009,1 days 12:00:00,18.8033447265625
1010,-1 days +18:00:00,12.031282424926758
1011,0 days 00:00:00,8.733771324157715
1012,0 days 06:00:00,17.809595108032227
1013,0 days 18:00:00,19.624799728393555
1014,1 days 00:00:00,7.639538288116455
1015,1 days 06:00:00,18.8033447265625
1016,-1 days +12:00:00,11.99349308013916
1017,-1 days +18:00:00,8.978693962097168
1018,0 days 00:00:00,20.0343074798584
1019,0 days 12:00:00,19.624799728393555
1020,0 days 18:00:00,7.248471736907959
1021,1 days 00:00:00,
1022,1 days 12:00:00,23.891788482666016
1023,-1 days +12:00:00,20.0343074798584
1024,0 days 00:00:00,19.624799728393555
1025,0 days 06:00:00,7.248471736907959
1026,0 days 12:00:00,
1027,1 days 00:00:00,23.891788482666016
1028,1 days 06:00:00,14.550222396850586
1029,1 days 12:00:00,14.395156860351562
1030,-1 days +12:00:00,
1031,0 days 00:00:00,23.891788482666016
1032,0 days 06:00:00,14.550222396850586
1033,0 days 12:00:00,14.395156860351562
1034,1 days 00:00:00,
1035,1 days 06:00:00,51.26100540161133
1036,1 days 12:00:00,51.26100540161133
1037,-1 days +18:00:00,23.891788482666016
1038,0 days 00:00:00,14.550222396850586
1039,0 days 06:00:00,14.395156860351562
1040,0 days 18:00:00,
1041,1 days 00:00:00,51.26100540161133
1042,1 days 06:00:00,51.26100540161133
1043,-1 days +12:00:00,
1044,0 days 00:00:00,16.089357376098633
1045,0 days 06:00:00,
1046,0 days 12:00:00,27.239564895629883
1047,1 days 00:00:00,
1048,1 days 06:00:00,18.509296417236328
1049,1 days 12:00:00,
1050,-1 days +12:00:00,16.089357376098633
1051,-1 days +18:00:00,
1052,0 days 00:00:00,27.239564895629883
1053,0 days 12:00:00,
1054,0 days 18:00:00,18.509296417236328
1055,1 days 00:00:00,
1056,1 days 12:00:00,19.870878219604492
1057,1 days 18:00:00,11.591604232788086
1058,-1 days +00:00:00,13.218201637268066
1059,-1 days +06:00:00,25.066394805908203
1060,0 days 00:00:00,16.761552810668945
1061,0 days 06:00:00,
1062,1 days 00:00:00,23.3021183013916
1063,1 days 06:00:00,13.447298049926758
1064,-1 days +18:00:00,
1065,0 days 00:00:00,10.346513748168945
1066,0 days 12:00:00,
1067,0 days 18:00:00,20.619365692138672
1068,1 days 00:00:00,14.937885284423828
1069,1 days 12:00:00,8.965213775634766
1070,-1 days +00:00:00,
1071,-1 days +12:00:00,
1072,-1 days +18:00:00,12.478769302368164
1073,0 days 00:00:00,14.104948997497559
1074,0 days 12:00:00,26.05648422241211
1075,0 days 18:00:00,49.23629379272461
1076,1 days 00:00:00,
1077,1 days 12:00:00,11.375436782836914
1078,-1 days +12:00:00,19.690757751464844
1079,0 days 00:00:00,12.5712308883667
1080,0 days 06:00:00,10.534137725830078
1081,0 days 12:00:00,20.091873168945312
1082,1 days 00:00:00,10.091310501098633
1083,1 days 06:00:00,16.969289779663086
1084,1 days 12:00:00,
1085,-1 days +06:00:00,19.690757751464844
1086,-1 days +18:00:00,12.5712308883667
1087,0 days 00:00:00,10.534137725830078
1088,0 days 06:00:00,20.091873168945312
1089,0 days 18:00:00,10.091310501098633
1090,1 days 00:00:00,16.969289779663086
1091,1 days 06:00:00,
1092,-1 days +12:00:00,12.5712308883667
1093,-1 days +18:00:00,10.534137725830078
1094,0 days 00:00:00,20.091873168945312
1095,0 days 12:00:00,10.091310501098633
1096,0 days 18:00:00,16.969289779663086
1097,1 days 00:00:00,
1098,1 days 12:00:00,
1099,-2 days +00:00:00,10.769817352294922
1100,-2 days +12:00:00,5.337610721588135
1101,-2 days +18:00:00,11.781861305236816
1102,-1 days +00:00:00,7.433310508728027
1103,-1 days +12:00:00,4.95517110824585
1104,-1 days +18:00:00,17.06857681274414
1105,0 days 00:00:00,10.664522171020508
1106,0 days 12:00:00,15.395299911499023
1107,0 days 18:00:00,18.071552276611328
1108,1 days 00:00:00,22.389503479003906
1109,1 days 12:00:00,7.187965393066406
1110,-3 days +12:00:00,10.769817352294922
1111,-2 days +00:00:00,5.337610721588135
1112,-2 days +06:00:00,11.781861305236816
1113,-2 days +12:00:00,7.433310508728027
1114,-1 days +00:00:00,4.95517110824585
1115,-1 days +06:00:00,17.06857681274414
1116,-1 days +12:00:00,10.664522171020508
1117,0 days 00:00:00,15.395299911499023
1118,0 days 06:00:00,18.071552276611328
1119,0 days 12:00:00,22.389503479003906
1120,1 days 00:00:00,7.187965393066406
1121,1 days 06:00:00,
1122,1 days 12:00:00,
1123,-3 days +06:00:00,10.769817352294922
1124,-1 days +06:00:00,10.664522171020508
1125,-1 days +18:00:00,15.395299911499023
1126,0 days 00:00:00,18.071552276611328
1127,0 days 06:00:00,22.389503479003906
1128,0 days 18:00:00,7.187965393066406
1129,1 days 00:00:00,
1130,1 days 06:00:00,
1131,-1 days +18:00:00,
1132,0 days 00:00:00,12.42347526550293
1133,0 days 06:00:00,10.740245819091797
1134,0 days 18:00:00,6.580997943878174
1135,1 days 00:00:00,6.550784587860107
1136,1 days 06:00:00,17.021690368652344
1137,-1 days +12:00:00,
1138,-1 days +18:00:00,12.42347526550293
1139,0 days 00:00:00,10.740245819091797
1140,0 days 12:00:00,6.580997943878174
1141,0 days 18:00:00,6.550784587860107
1142,1 days 00:00:00,17.021690368652344
1143,1 days 12:00:00,26.638792037963867
1144,-1 days +12:00:00,
1145,0 days 00:00:00,6.580997943878174
1146,0 days 06:00:00,6.550784587860107
1147,0 days 12:00:00,17.021690368652344
1148,1 days 00:00:00,26.638792037963867
1149,1 days 12:00:00,25.321069717407227
1150,-1 days +18:00:00,6.580997943878174
1151,0 days 00:00:00,6.550784587860107
1152,0 days 06:00:00,17.021690368652344
1153,0 days 18:00:00,26.638792037963867
1154,1 days 06:00:00,25.321069717407227
1155,-1 days +12:00:00,6.580997943878174
1156,-1 days +18:00:00,6.550784587860107
1157,0 days 00:00:00,17.021690368652344
1158,0 days 12:00:00,26.638792037963867
1159,1 days 00:00:00,25.321069717407227
1160,1 days 12:00:00,
